序号,链接,节点数
0,https://gist.githubusercontent.com/peasoft/40b87245630092f30cc98af61190b4e2/raw/,10
1,https://raw.githubusercontent.com/Huibq/TrojanLinks/master/links/vmess,0
2,https://raw.githubusercontent.com/Surfboardv2ray/TGParse/main/python/hy2,0
3,https://raw.githubusercontent.com/Surfboardv2ray/TGParse/main/python/hysteria2,3
4,https://raw.githubusercontent.com/ripaojiedian/freenode/main/clash,16
5,https://raw.githubusercontent.com/ripaojiedian/freenode/main/sub,16
6,https://raw.githubusercontent.com/zhangkaiitugithub/passcro/main/speednodes.yaml,25
7,https://w6bcfL.absslk.xyz/57e271ce452ce708d15b57809ede0f71,0

总计,,56
